<?xml version="1.0" encoding="UTF-8"?>
<languages>
	<language key="de">
		<title>Log Analyzer</title>
		<description></description>
		<custom key="logfilename">Logfile Name</custom>
		<custom key="logfilelocation">Log Verzeichnis</custom>
		<custom key="logfiledate">Datum</custom>
		<custom key="logfilesize">Filesize</custom>
		<custom key="message">Message</custom>
		<custom key="Lastoccurence">Last occurence</custom>
		<custom key="threadname">Thread name</custom>
		<custom key="type">Type</custom>
		<custom key="dateformat">d Mmm. yyyy</custom>
		<custom key="timeformat">HH:mm:ss</custom>
		<custom key="timeformatshort">HH:mm</custom>
		<custom key="file">File</custom>
		<custom key="line">line</custom>
		<custom key="occurences">Occurences</custom>
		<custom key="from">from</custom>
		<custom key="untill">untill</custom>
		<custom key="date">Date</custom>
		<custom key="Back">Back</custom>
		<custom key="detail">Detail</custom>
		<custom key="actions">actions</custom>
		<custom key="delete">Delete</custom>
		<custom key="download">Download</custom>
		<custom key="details">Details</custom>
		<custom key="to">to</custom>
		<custom key="perpage">per page</custom>
		<custom key="page">page</custom>
		<custom key="Orderonthiscolumn">Order on this column</custom>
		<custom key="Errormessage">Error message</custom>
		<custom key="Count">Count</custom>
		<custom key="Nologentriesfound">No log entries found</custom>
		<custom key="logfilehasbeencleared">The log file %1 has been cleared.</custom>
		<custom key="logfilehasbeendeleted">The log file %1 has been deleted.</custom>
		<custom key="bytes">bytes</custom>
		<custom key="KB">KB</custom>
		<custom key="Xsecondsago">%1 seconds ago</custom>
		<custom key="Xminutesago">%1 minutes ago</custom>
		<custom key="Xhoursago">%1 hours ago</custom>
		<custom key="Xdaysago">%1 days ago</custom>
		<custom key="dateformatchart">Mmm. d, </custom>
		<custom key="timeformatchart">HH:mm</custom>
		<custom key="allinthesameminute">all in the same minute</custom>
	</language>
	<language key="en">
		<title>Log analyzer</title>
		<description></description>
		<custom key="logfilename">Logfile name</custom>
		<custom key="logfilelocation">Log directory</custom>
		<custom key="logfiledate">Date last modified</custom>
		<custom key="logfilesize">Filesize</custom>
		<custom key="message">Message</custom>
		<custom key="Lastoccurence">Last occurence</custom>
		<custom key="threadname">Thread name</custom>
		<custom key="type">Type</custom>
		<custom key="dateformat">d Mmm. yyyy</custom>
		<custom key="timeformat">HH:mm:ss</custom>
		<custom key="timeformatshort">HH:mm</custom>
		<custom key="file">File</custom>
		<custom key="line">line</custom>
		<custom key="occurences">Occurences</custom>
		<custom key="from">from</custom>
		<custom key="untill">untill</custom>
		<custom key="date">Date</custom>
		<custom key="Back">Back</custom>
		<custom key="detail">Detail</custom>
		<custom key="actions">actions</custom>
		<custom key="delete">Delete</custom>
		<custom key="download">Download</custom>
		<custom key="details">Details</custom>
		<custom key="to">to</custom>
		<custom key="perpage">per page</custom>
		<custom key="page">page</custom>
		<custom key="Orderonthiscolumn">Order on this column</custom>
		<custom key="Errormessage">Error message</custom>
		<custom key="Count">Count</custom>
		<custom key="Nologentriesfound">No log entries found</custom>
		<custom key="logfilehasbeencleared">The log file %1 has been cleared.</custom>
		<custom key="logfilehasbeendeleted">The log file %1 has been deleted.</custom>
		<custom key="bytes">bytes</custom>
		<custom key="KB">KB</custom>
		<custom key="Xsecondsago">%1 seconds ago</custom>
		<custom key="Xminutesago">%1 minutes ago</custom>
		<custom key="Xhoursago">%1 hours ago</custom>
		<custom key="Xdaysago">%1 days ago</custom>
		<custom key="dateformatchart">Mmm. d, </custom>
		<custom key="timeformatchart">HH:mm</custom>
		<custom key="allinthesameminute">all in the same minute</custom>
	</language>
	<language key="nl">
		<title>Log analyzer</title>
		<description></description>
		<custom key="logfilename">Bestandsnaam</custom>
		<custom key="logfilelocation">Log directory</custom>
		<custom key="logfiledate">Datum laatste wijziging</custom>
		<custom key="logfilesize">Grootte</custom>
		<custom key="message">Bericht</custom>
		<custom key="Lastoccurence">Laatste gebeurtenis</custom>
		<custom key="threadname">Naam thread</custom>
		<custom key="type">Type</custom>
		<custom key="dateformat">d mmm. yyyy</custom>
		<custom key="timeformat">HH:mm:ss</custom>
		<custom key="timeformatshort">HH:mm</custom>
		<custom key="file">Bestand</custom>
		<custom key="line">regel</custom>
		<custom key="occurences">Aantal keer</custom>
		<custom key="from">van</custom>
		<custom key="untill">tot</custom>
		<custom key="date">Datum</custom>
		<custom key="Back">Terug</custom>
		<custom key="detail">Detail</custom>
		<custom key="actions">acties</custom>
		<custom key="delete">Verwijder</custom>
		<custom key="download">Download</custom>
		<custom key="details">Details</custom>
		<custom key="to">tot</custom>
		<custom key="perpage">per pagina</custom>
		<custom key="page">pagina</custom>
		<custom key="Orderonthiscolumn">Sorteer op deze kolom</custom>
		<custom key="Errormessage">Foutmelding</custom>
		<custom key="Count">Aantal</custom>
		<custom key="Nologentriesfound">Geen logmeldingen gevonden</custom>
		<custom key="logfilehasbeencleared">Het logbestand %1 is leeggemaakt.</custom>
		<custom key="logfilehasbeendeleted">Het logbestand %1 is verwijderd.</custom>
		<custom key="bytes">bytes</custom>
		<custom key="KB">KB</custom>
		<custom key="Xsecondsago">%1 sec. geleden</custom>
		<custom key="Xminutesago">%1 min. geleden</custom>
		<custom key="Xhoursago">%1 uren geleden</custom>
		<custom key="Xdaysago">%1 dagen geleden</custom>
		<custom key="dateformatchart">Mmm. d, </custom>
		<custom key="timeformatchart">HH:mm</custom>
		<custom key="allinthesameminute">all in the same minute</custom>
	</language>
</languages>